Model,Price,RAM,Generation,Processor Type,Hard Drive Type,Hard Drive Size
MSI Katana GF66 12UC i7-12700H|8GB|512GB|RTX3050,"Rs. 385,000.00",8GB DDR4-3200,"Intel® Core™ i7-12700H Processor 24MB Cache, up to 4.70 GHz","Intel® Core™ i7-12700H Processor 24MB Cache, up to 4.70 GHz",512GB M.2 NVMe PCIe Gen4,512GB M.2 NVMe PCIe Gen4
HP Laptop 15-dy5131wm i3-1215U|8GB|256GB|Win 11,"Rs. 138,500.00",8 GB DDR4-3200 MHz RAM '2 x 4 GB',"Intel® Core™ i3-1215U 'up to 4.4 GHz with Intel® Turbo Boost Technology, 10 MB L3 cache, 6 cores, 8 threads'","Intel® Core™ i3-1215U 'up to 4.4 GHz with Intel® Turbo Boost Technology, 10 MB L3 cache, 6 cores, 8 threads'",256 GB PCIe® NVMe™ M.2 SSD,256 GB PCIe® NVMe™ M.2 SSD
MSI Modern 15 - B13M i3-1315U|8GB|512GB|Win 11,"Rs. 179,100.00",8GB DDR4-3200 onboard,"Intel® Core™ i3-1315U '12M Cache, up to 4.60GHz'","Intel® Core™ i3-1315U '12M Cache, up to 4.60GHz'",512GB M.2 SSD NVMe PCIe Gen3,512GB M.2 SSD NVMe PCIe Gen3
MSI Cyborg 15 A13VE I7-13620H|16GB|512GB|RTX 4050,"Rs. 375,000.00",16GB '8X2' DDR5-5200,"Intel® Core™ i7-13620H Processor 24M Cache, up to 4.90 GHz","Intel® Core™ i7-13620H Processor 24M Cache, up to 4.90 GHz",512GB NVMe PCIe Gen4 M.2 SSD,512GB NVMe PCIe Gen4 M.2 SSD
MSI Cyborg 15 A12UDX i7-12650H|16GB|512GB|RTX3050,"Rs. 325,000.00",16GB '8X2' DDR5-4800,"Intel® Core™ i7-12650H '24M Cache, up to 4.70Hz'","Intel® Core™ i7-12650H '24M Cache, up to 4.70Hz'",512GB NVMe PCIe Gen4 M.2 SSD,512GB NVMe PCIe Gen4 M.2 SSD
MSI Thin 15 B13UCX I5-13420H|8GB|512GB|RTX2050|144hz,"Rs. 299,000.00","8GB DDR4-3200 2 slots, up to 64GB","Intel® Core™ i5-13420H Processor 12M Cache, up to 4.60 GHz","Intel® Core™ i5-13420H Processor 12M Cache, up to 4.60 GHz",512GB NVMe M.2 SSD by PCIe Gen4 x4,512GB NVMe M.2 SSD by PCIe Gen4 x4
Victus Gaming Laptop 15-fb1013dx R5 7535HS|8GB|512GB|RTX 2050,"Rs. 233,900.00",8 GB DDR5-4800 MHz RAM '1 x 8 GB',"AMD Ryzen™ 5 7535HS 'up to 4.5 GHz max boost clock, 16 MB L3 cache, 6 cores, 12 threads'","AMD Ryzen™ 5 7535HS 'up to 4.5 GHz max boost clock, 16 MB L3 cache, 6 cores, 12 threads'",512 GB PCIe® Gen4 NVMe™ TLC M.2 SSD,512 GB PCIe® Gen4 NVMe™ TLC M.2 SSD
ASUS ZENBOOK 14 OLED Q415MA CORE ULTRA 5|8GB|512GB|14 OLED,"Rs. 264,000.00",8GB LPDDR5 on board,"Intel® Core™ Ultra 5 Processor 125H 1.2 GHz '18MB Cache, up to 4.5 GHz, 14 cores, 18 Threads'; Intel® AI Boost NPU","Intel® Core™ Ultra 5 Processor 125H 1.2 GHz '18MB Cache, up to 4.5 GHz, 14 cores, 18 Threads'; Intel® AI Boost NPU",512GB M.2 NVMe™ PCIe® 4.0 SSD,512GB M.2 NVMe™ PCIe® 4.0 SSD
ASUS TUF Gaming F15 FX507VV4 i7-13700H|8GB|512GB|RTX 4060,"Rs. 474,000.00",8GB DDR4-3200 SO-DIMM x 2 Max Capacity:32GB Support dual channel memory,"13th Gen Intel® Core™ i7-13700H Processor 2.4 GHz '24M Cache, up to 5 GHz, 14 cores: 6 P-cores and 8 E-cores'","13th Gen Intel® Core™ i7-13700H Processor 2.4 GHz '24M Cache, up to 5 GHz, 14 cores: 6 P-cores and 8 E-cores'",512GB PCIe® 4.0 NVMe™ M.2 SSD,512GB PCIe® 4.0 NVMe™ M.2 SSD
ROG Strix G16 '2023' G614JV-AS73|16GB|512GB|RTX 4060,"Rs. 554,000.00",16GB '8x2' DDR5-4800 SO-DIMM x 2 Max Capacity:32GB,13th Gen Intel® Core™ i7-13650HX Processor 2.6 GHz,13th Gen Intel® Core™ i7-13650HX Processor 2.6 GHz,512GB PCIe® 4.0 NVMe™ M.2 SSD,512GB PCIe® 4.0 NVMe™ M.2 SSD
Lenovo V15 G4 IRU i5-1335U|8GB|512GB|DOS,"Rs. 173,000.00",8GB Soldered DDR4-3200,"Intel® Core™ i5-1335U 10C '2P + 8E' / 12T, P-core 1.3 / 4.6GHz, E-core 0.9 / 3.4GHz, 12MB","Intel® Core™ i5-1335U 10C '2P + 8E' / 12T, P-core 1.3 / 4.6GHz, E-core 0.9 / 3.4GHz, 12MB",512GB SSD M.2 2242 PCIe 3.0x4 NVMe,512GB SSD M.2 2242 PCIe 3.0x4 NVMe
Lenovo V15 G4 IRU i3-1315U|8GB|512GB|DOS,"Rs. 138,900.00",8GB Soldered DDR4-3200,"Intel® Core™ i3-1315U 6C '2P + 4E' / 8T, P-core 1.2 / 4.5GHz, E-core 0.9 / 3.3GHz, 10MB","Intel® Core™ i3-1315U 6C '2P + 4E' / 8T, P-core 1.2 / 4.5GHz, E-core 0.9 / 3.3GHz, 10MB",512GB SSD M.2 2242 PCIe 3.0x4 NVMe,512GB SSD M.2 2242 PCIe 3.0x4 NVMe
Lenovo IdeaPad 3 AMD Ryzen 7 5700U|8GB|512GB|15.6 IPS,"Rs. 289,000.00",4GB Soldered DDR4-3200 + 4GB SO-DIMM DDR4-3200,"AMD Ryzen 7 5700U '8C / 16T, 1.8 / 4.3GHz, 4MB L2 / 8MB L3'","AMD Ryzen 7 5700U '8C / 16T, 1.8 / 4.3GHz, 4MB L2 / 8MB L3'",512GB SSD M.2 2242 PCIe 3.0x4 NVMe,512GB SSD M.2 2242 PCIe 3.0x4 NVMe
ASUS TUF Gaming F15 FX507ZC4 I5-12500H|16GB|512GB|RTX3050,"Rs. 288,000.00",16GB '8x2'DDR4-3200 SO-DIMM x 2,"12th Gen Intel® Core™ i5-12500H Processor 2.5 GHz '18M Cache, up to 4.5 GHz, 12 cores: 4 P-cores and 8 E-cores'","12th Gen Intel® Core™ i5-12500H Processor 2.5 GHz '18M Cache, up to 4.5 GHz, 12 cores: 4 P-cores and 8 E-cores'",512GB PCIe® 3.0 NVMe™ M.2 SSD,512GB PCIe® 3.0 NVMe™ M.2 SSD
MSI Cyborg 15 A12VE I5-12450H|16GB|512GB|RTX 4050,"Rs. 357,000.00",16GB '8X2' DDR5-4800,"Intel Core i5 – 12450H '12M Cache, up to 4.40Hz'","Intel Core i5 – 12450H '12M Cache, up to 4.40Hz'",512GB NVMe PCIe Gen4 M.2 SSD,512GB NVMe PCIe Gen4 M.2 SSD
ASUS Vivobook 15 x1502ZA i3-1215U|4GB|256NVMe|dOS,"Rs. 136,800.00",4GB DDR4 on boardMax Total system memory up to:12GB,"Intel®Core™ i3-1215U Processor 1.2 GHz '10M Cache, up to 4.4 GHz, 6 cores'","Intel®Core™ i3-1215U Processor 1.2 GHz '10M Cache, up to 4.4 GHz, 6 cores'",256GB M.2 NVMe™ PCIe® 3.0 SSD,256GB M.2 NVMe™ PCIe® 3.0 SSD
ASUS Vivobook 15 X1504VA i5-1335U|8GB|512GB|Win 11,"Rs. 215,000.00",8GB DDR4 on board,"Intel® Core™ i5-1335U Processor 1.3 GHz '12MB Cache, up to 4.6 GHz, 10 cores, 12 Threads'","Intel® Core™ i5-1335U Processor 1.3 GHz '12MB Cache, up to 4.6 GHz, 10 cores, 12 Threads'",512GB M.2 NVMe™ PCIe® 3.0 SSD,512GB M.2 NVMe™ PCIe® 3.0 SSD
Asus Zenbook 14 OLED Q425MA Core Ultra 7|16GB|1TB|14 OLED,"Rs. 333,900.00",16GB LPDDR5X on board,"Intel® Core™ Ultra 7 Processor 155H 1.4 GHz '24MB Cache, up to 4.8 GHz 16 cores 22 Threads' Intel® AI Boost NPU","Intel® Core™ Ultra 7 Processor 155H 1.4 GHz '24MB Cache, up to 4.8 GHz 16 cores 22 Threads' Intel® AI Boost NPU",1TB M.2 NVMe™ PCIe® 4.0 SSD,1TB M.2 NVMe™ PCIe® 4.0 SSD
ASUS TUF Gaming F15 FX507ZC4 i5-12500H|16GB|512GB|RTX3050,"Rs. 319,000.00",16GB '8x2'DDR4-3200 SO-DIMM x 2,"12th Gen Intel® Core™ i5-12500H Processor 2.5 GHz '18M Cache, up to 4.5 GHz, 12 cores: 4 P-cores and 8 E-cores'","12th Gen Intel® Core™ i5-12500H Processor 2.5 GHz '18M Cache, up to 4.5 GHz, 12 cores: 4 P-cores and 8 E-cores'",512GB PCIe® 3.0 NVMe™ M.2 SSD,512GB PCIe® 3.0 NVMe™ M.2 SSD
Lenovo LOQ 15IRH8 i7-13620H|16GB|512GB|RTX4060|Win 11,"Rs. 465,000.00",16GB 2x 8GB SO-DIMM DDR5-5200,"Intel® Core™ i7-13620H, 10C '6P + 4E' / 16T, P-core 2.4 / 4.9GHz, E-core 1.8 / 3.6GHz, 24MB","Intel® Core™ i7-13620H, 10C '6P + 4E' / 16T, P-core 2.4 / 4.9GHz, E-core 1.8 / 3.6GHz, 24MB",512GB SSD M.2 2242 PCIe® 4.0x4 NVMe®,512GB SSD M.2 2242 PCIe® 4.0x4 NVMe®
ASUS Creator Q540 I9-13900H|16GB|1TB|RTX3050|15.6 3K OLED,"Rs. 469,000.00",16GB '8GB DDR5 on board + 8GB DDR4 3200mhz',"Intel® Core™ i9-13900H Processor 2.6 GHz '24MB Cache, up to 5.4 GHz, 14 cores, 20 Threads'","Intel® Core™ i9-13900H Processor 2.6 GHz '24MB Cache, up to 5.4 GHz, 14 cores, 20 Threads'",1TB M.2 NVMe™ PCIe® 3.0 SSD,1TB M.2 NVMe™ PCIe® 3.0 SSD
ASUS Vivobook 15 'X1504VA' i7-1355U|8GB|512GB|15.6 FHD,"Rs. 265,000.00",8GB DDR4 on board Total memory upgradeable to:16GB,"Intel® Core™ i7-1355U Processor 1.7 GHz '12MB Cache, up to 5.0 GHz, 10 cores, 12 Threads'","Intel® Core™ i7-1355U Processor 1.7 GHz '12MB Cache, up to 5.0 GHz, 10 cores, 12 Threads'",512GB M.2 NVMe™ PCIe® 3.0 SSD,512GB M.2 NVMe™ PCIe® 3.0 SSD
Asus Zenbook 14X OLED 'Q410'i5-13500H |8GB|512GB|14.5-inch 2.8K,"Rs. 249,000.00",8GB LPDDR5 on board,"Intel® Core™ i5-13500H Processor 2.6 GHz '18MB Cache, up to 4.7 GHz, 12 cores, 16 Threads'","Intel® Core™ i5-13500H Processor 2.6 GHz '18MB Cache, up to 4.7 GHz, 12 cores, 16 Threads'",512GB M.2 NVMe™ PCIe® 4.0 SSD,512GB M.2 NVMe™ PCIe® 4.0 SSD
Lenovo V15 G2 IJL Celeron N4500|4GB|256GB|15.6FHD,"Rs. 99,900.00",1x 4GB SO-DIMM DDR4-2933 upto 8GB,"Intel® Celeron® N4500 '2C / 2T, 1.1 / 2.8GHz, 4MB L3'","Intel® Celeron® N4500 '2C / 2T, 1.1 / 2.8GHz, 4MB L3'",256GB SSD M.2 2242 PCIe® 3.0x4 NVMe®,256GB SSD M.2 2242 PCIe® 3.0x4 NVMe®
Lenovo IdeaPad Slim 3 16IRU9 Core 7 150U|16GB|512GB|16″ WUXGA,"Rs. 289,000.00",16GB DDR5-5200 RAM,"14th Gen, Intel Core 7 150U, 10C '2P + 8E' / 12T, P-core 1.8 / 5.4GHz, E-core 1.2 / 4.0GHz, 12MB","14th Gen, Intel Core 7 150U, 10C '2P + 8E' / 12T, P-core 1.8 / 5.4GHz, E-core 1.2 / 4.0GHz, 12MB",512GB SSD M.2 2242 PCIe 4.0×4 NVMe,512GB SSD M.2 2242 PCIe 4.0×4 NVMe
Lenovo IdeaPad Slim 3 16IRU9 Core 5 120U|16GB|512GB|16″ WUXGA,"Rs. 253,000.00",16GB DDR5-5200 RAM,"14th Gen,Intel Core 5 120U, 10C '2P + 8E' / 12T, P-core 1.4 / 5.0GHz, E-core 0.9 / 3.8GHz, 12MB","14th Gen,Intel Core 5 120U, 10C '2P + 8E' / 12T, P-core 1.4 / 5.0GHz, E-core 0.9 / 3.8GHz, 12MB",512GB SSD M.2 2242 PCIe 4.0×4 NVMe,512GB SSD M.2 2242 PCIe 4.0×4 NVMe
Acer Aspire A15-51P Core 5-120U|16GB|512GB|Win 11,"Rs. 224,000.00",16GB onboard LPDDR5,"Intel® Core™ 5 processor 120U '12 MB Smart Cache, 1.4 GHz","Intel® Core™ 5 processor 120U '12 MB Smart Cache, 1.4 GHz",512GB PCIe® NVMe™ M.2 SSD,512GB PCIe® NVMe™ M.2 SSD
ASUS M515 Ryzen 3-3250U|4GB|128GB+1TB|WIN 10,"Rs. 160,885.00","4GB DDR4 on board, Total system memory:12GB","AMD Ryzen™ 3 3250U Mobile Processor '2C/4T, 5MB Cache, 3.5 GHz Max Boost'","AMD Ryzen™ 3 3250U Mobile Processor '2C/4T, 5MB Cache, 3.5 GHz Max Boost'","1TB SATA 5400RPM 2.5"" HDD + 128GB M.2 NVMe","1TB SATA 5400RPM 2.5"" HDD + 128GB M.2 NVMe"
HP 250 G10 i5-1335U|16GB|512GB|DOS,"Rs. 199,000.00",16 GB DDR4-3200 MHz RAM '1 x 16 GB',"Intel® Core™ i5-1335U 'up to 4.6 GHz with Intel® Turbo Boost Technology, 12 MB L3 cache, 10 cores, 12 threads'","Intel® Core™ i5-1335U 'up to 4.6 GHz with Intel® Turbo Boost Technology, 12 MB L3 cache, 10 cores, 12 threads'",512GB PCIe® NVMe™ SSD,512GB PCIe® NVMe™ SSD
ASUS Vivobook 15 X1502Z I5-12500H|16GB|512GB|DOS,"Rs. 229,000.00",16GB '8GB DDR4 on board + 8GB DDR4 3200mhz',"Intel® Core™ i5-12500H Processor 2.5 GHz '18M Cache, up to 4.5 GHz, 4P+8E cores'","Intel® Core™ i5-12500H Processor 2.5 GHz '18M Cache, up to 4.5 GHz, 4P+8E cores'","15.6-inch, FHD '1920 x 1080' 16:9 aspect ratio, 60Hz refresh rate, 220nits, 45% NTSC color gamut, 'Screen-to-body ratio'82%","15.6-inch, FHD '1920 x 1080' 16:9 aspect ratio, 60Hz refresh rate, 220nits, 45% NTSC color gamut, 'Screen-to-body ratio'82%"
ASUS Vivobook 15 X1504 i5-1235U|8GB|512GB|Win 11,"Rs. 179,000.00",8GB DDR4 on board,"Intel®Core™ i5-1235U Processor 1.3 GHz '12M Cache, up to 4.4 GHz, 10 cores'","Intel®Core™ i5-1235U Processor 1.3 GHz '12M Cache, up to 4.4 GHz, 10 cores'",512GB M.2 NVMe™ PCIe® 4.0 SSD,512GB M.2 NVMe™ PCIe® 4.0 SSD
Lenovo IdeaPad Gaming 3 Ryzen 5 5500H|8GB|512GB|rTX2050,"Rs. 279,000.00",1x 8GB SO-DIMM DDR4-3200,"AMD Ryzen™ 5 5500H '4C / 8T, 3.3 / 4.2GHz, 2MB L2 / 8MB L3'","AMD Ryzen™ 5 5500H '4C / 8T, 3.3 / 4.2GHz, 2MB L2 / 8MB L3'",512GB SSD M.2 2242 PCIe® 4.0x4 NVMe®,512GB SSD M.2 2242 PCIe® 4.0x4 NVMe®
HP 250 G10 i7-1355U|8GB|512GB|DOS,"Rs. 236,900.00",8 GB DDR4-3200 MHz RAM '1 x 8 GB',"Intel® Core™ i7-1355U 'up to 5.0 GHz with Intel® Turbo Boost Technology, 12 MB L3 cache, 10 cores, 12 threads'","Intel® Core™ i7-1355U 'up to 5.0 GHz with Intel® Turbo Boost Technology, 12 MB L3 cache, 10 cores, 12 threads'",512 GB PCIe® NVMe™ M.2 SSD,512 GB PCIe® NVMe™ M.2 SSD
ASUS Vivobook 16X F1605VA i5-13500H|8GB|512GB|16.0 WUXGA,"Rs. 229,000.00",8GB DDR4 on board,"Intel® Core™ i5-13500H Processor 2.6 GHz '18MB Cache, up to 4.7 GHz, 12 cores, 16 Threads'","Intel® Core™ i5-13500H Processor 2.6 GHz '18MB Cache, up to 4.7 GHz, 12 cores, 16 Threads'",512GB M.2 NVMe™ PCIe® 3.0 SSD,512GB M.2 NVMe™ PCIe® 3.0 SSD
MSI Thin 15 B12UCX i7-12650H|16GB|512GB|RTX2050|144hz,"Rs. 303,000.00","16GB '8GB x 2'DDR4-3200 2 slots, up to 64GB",12th Gen Intel® Core i7-12650H Processor,12th Gen Intel® Core i7-12650H Processor,512GB NVMe M.2 SSD by PCIe Gen4 x4,512GB NVMe M.2 SSD by PCIe Gen4 x4
Dell Vostro 3530 i5- 1335U|8GB|512GB|DOS,"Rs. 245,000.00",8GB 8Gx1 DDR4 2666MHz,"13th Generation Intel Core i5- 1335U '12 MB cache, 10 cores, 12 threads, up to 4.60 GHz'","13th Generation Intel Core i5- 1335U '12 MB cache, 10 cores, 12 threads, up to 4.60 GHz'",512GB M.2 PCIe NVMe Solid Stat e Drive,512GB M.2 PCIe NVMe Solid Stat e Drive
lenovo IdeaPad Slim 3 15IRH8 i5-13420H|8GB|512GB|DOS,"Rs. 199,000.00",8GB Soldered LPDDR5-4800,"Intel® Core™ i5-13420H, 8C '4P + 4E' / 12T, P-core 2.1 / 4.6GHz, E-core 1.5 / 3.4GHz, 12MB","Intel® Core™ i5-13420H, 8C '4P + 4E' / 12T, P-core 2.1 / 4.6GHz, E-core 1.5 / 3.4GHz, 12MB",512GB SSD M.2 2242 PCIe® 4.0x4 NVMe®,512GB SSD M.2 2242 PCIe® 4.0x4 NVMe®
MSI Thin 15 B13UC i7-13620H|16GB|512GB|RTX3050|144hz,"Rs. 345,800.00","16GB '8GB x 2'DDR4-3200 2 slots, up to 64GB","13th Gen Intel® Core™ i7-13620H Processor 24M Cache, up to 4.90 GHz","13th Gen Intel® Core™ i7-13620H Processor 24M Cache, up to 4.90 GHz",512GB NVMe M.2 SSD by PCIe Gen4 x4,512GB NVMe M.2 SSD by PCIe Gen4 x4
DELL INSPIRON 3525 R5 5625U|8GB|512GB|WIN 11,"Rs. 228,850.00",8GB 1x8GB DDR4 3200MHz,AMD Ryzen™ 5 5625U 6-core/12-thread Processor,AMD Ryzen™ 5 5625U 6-core/12-thread Processor,512 GB M.2 PCIe NVMe SSD,512 GB M.2 PCIe NVMe SSD
LENOVO IDEAPAD 5 AMD RYZEN 7 5700U|16GB|512GB|14 FHD IPS,"Rs. 332,350.00",16GB Soldered DDR4-3200,"AMD Ryzen 7 5700U '8C / 16T, 1.8 / 4.3GHz, 4MB L2 / 8MB L3'","AMD Ryzen 7 5700U '8C / 16T, 1.8 / 4.3GHz, 4MB L2 / 8MB L3'",512GB SSD M.2 2242 PCIe 3.0x4 NVMe,512GB SSD M.2 2242 PCIe 3.0x4 NVMe
Lenovo IdeaPad 3 AMD Ryzen 5 5500U|8GB|512GB|15.6 IPS,"Rs. 228,850.00",4GB Soldered DDR4-3200 + 4GB SO-DIMM DDR4-3200,"AMD Ryzen 5 5500U '6C / 12T, 2.1 / 4.0GHz, 3MB L2 / 8MB L3'","AMD Ryzen 5 5500U '6C / 12T, 2.1 / 4.0GHz, 3MB L2 / 8MB L3'",512GB SSD M.2 2242 PCIe 3.0x4 NVMe,512GB SSD M.2 2242 PCIe 3.0x4 NVMe
LENOVO IDEAPAD 5 AMD RYZEN 7 5700U|16GB|512GB|15.6,"Rs. 286,350.00",16GB Soldered DDR4-3200,"AMD Ryzen 7 5700U '8C / 16T, 1.8 / 4.3GHz, 4MB L2 / 8MB L3'","AMD Ryzen 7 5700U '8C / 16T, 1.8 / 4.3GHz, 4MB L2 / 8MB L3'",512GB SSD M.2 2242 PCIe 3.0x4 NVMe,512GB SSD M.2 2242 PCIe 3.0x4 NVMe
Lenovo IdeaPad 5 AMD Ryzen 5 5500U|16GB|512GB|15.6,"Rs. 273,700.00",16GB Soldered DDR4-3200,"AMD Ryzen 5 5500U '6C / 12T, 2.1 / 4.0GHz, 3MB L2 / 8MB L3'","AMD Ryzen 5 5500U '6C / 12T, 2.1 / 4.0GHz, 3MB L2 / 8MB L3'",512GB SSD M.2 2242 PCIe 3.0x4 NVMe,512GB SSD M.2 2242 PCIe 3.0x4 NVMe
HUAWEI MateBook D15|I5-1135G7|8GB|512GB|Iris Xe,"Rs. 251,850.00",8GB DDR4 3200MHZ,Intel® CoreTM i5-1135G7 Processor 'Base 2.4GHz; Up to 4.2GHz',Intel® CoreTM i5-1135G7 Processor 'Base 2.4GHz; Up to 4.2GHz',512 GB NVMe PCle SSD,512 GB NVMe PCle SSD
HP 255 G8 Ryzen 5 5500U|8GB|1TB|WIN 10,"Rs. 229,885.00",8 GB DDR4-2666 SDRAM '1 x 8 GB',"AMD Ryzen™ 5 5500U 'up to 4.0 GHz max boost clock, 8 MB L3 cache, 6 cores, 12 threads'","AMD Ryzen™ 5 5500U 'up to 4.0 GHz max boost clock, 8 MB L3 cache, 6 cores, 12 threads'","1 TB 5400 rpm SATA HDD ""Support M.2 NVMe""","1 TB 5400 rpm SATA HDD ""Support M.2 NVMe"""
Dell Vostro 3510 i3-1115G4|4GB|1TB|DOS,"Rs. 183,850.00",4GB 4Gx1 DDR4 2666MHz,"11th Generation Intel Core i3- 1115G4 Processor '6MB Cache, u p to 4.1 GHz'","11th Generation Intel Core i3- 1115G4 Processor '6MB Cache, u p to 4.1 GHz'","1TB 5400 rpm 2.5"" SATA Hard Drive","1TB 5400 rpm 2.5"" SATA Hard Drive"
Asus Vivobook 15 OLED M513UA R7-5700U|8GB|512GB|Win 10,"Rs. 297,850.00",8 GB DDR4 3200MHz SDRAM,"AMD Ryzen™ 7 5700U Mobile Processor '8-core/16-thread, 12MB cache, up to 4.3 GHz max boost'","AMD Ryzen™ 7 5700U Mobile Processor '8-core/16-thread, 12MB cache, up to 4.3 GHz max boost'",512GB PCIe® Gen3 SSD M.2,512GB PCIe® Gen3 SSD M.2
Asus Vivobook Flip 14 TP470 i5-1135G7|8GB|512 NVMe|Touch|Win 10,"Rs. 385,250.00",8GB LPDDR4X on board,"Intel® Core™ i5-1135G7 Processor 2.4 GHz '8M Cache, up to 4.2 GHz, 4 cores'","Intel® Core™ i5-1135G7 Processor 2.4 GHz '8M Cache, up to 4.2 GHz, 4 cores'",512GB M.2 NVMe™ PCIe® 3.0 SSD,512GB M.2 NVMe™ PCIe® 3.0 SSD
HP PROBOOK 450 G8|I5-1135G7|8GB|512GB|IRIS X,"Rs. 281,750.00",8 GB DDR4-2666 SDRAM '8 GB x 1',"Intel® Core™ i5-1135G7 'up to 4.2 GHz with Intel® Turbo Boost Technology, 8 MB L3 cache, 4 cores'","Intel® Core™ i5-1135G7 'up to 4.2 GHz with Intel® Turbo Boost Technology, 8 MB L3 cache, 4 cores'",512 GB PCIe® NVMeM.2 SSD,512 GB PCIe® NVMeM.2 SSD
ASUS VivoBook S15 S533EQ i7-1165G7|8GB|512GB NVMe|MX350 2GB,"Rs. 287,350.00",8GB DDR4 on board,"Intel® Core™ i7-1165G7 Processor 2.8 GHz '12M Cache, up to 4.7 GHz, 4 cores'","Intel® Core™ i7-1165G7 Processor 2.8 GHz '12M Cache, up to 4.7 GHz, 4 cores'",512GB M.2 NVMe™ PCIe® 3.0 SSD,512GB M.2 NVMe™ PCIe® 3.0 SSD
"MacBook Air 'M1, 2020' M1 8-Core CPU 7-core GPU|8GB|256GB|13.3-inch Retina","Rs. 253,900.00",8GB unified memoryConfigurable to 16GB,"Apple M1 chip

8-core CPU with 4 perform­ance cores and 4 efficiency cores
7-core GPU
16-core Neural Engine","Apple M1 chip

8-core CPU with 4 perform­ance cores and 4 efficiency cores
7-core GPU
16-core Neural Engine","256GB SSDConfigurable to 512GB SSD, 1TB, or 2TB","256GB SSDConfigurable to 512GB SSD, 1TB, or 2TB"
MSI GF63 THIN 11UC I5 -11400H|8GB|512GB|RTX3050,"Rs. 279,000.00",Intel® HM570,"Intel Core i5-11400H '12M Cache, up to 4.50 GHz, 6 Cores 12 Threads'","Intel Core i5-11400H '12M Cache, up to 4.50 GHz, 6 Cores 12 Threads'",8GB DDR4 3200Mhz,8GB DDR4 3200Mhz
ASUS Creator Q530 i7-13620H|16GB|512GB|RTX3050|15.6 OLED,"Rs. 359,000.00",16GB '8GB DDR5 on board + 8GB DDR4 3200mhz',"Intel® Core™ i7-13620H Processor 2.4 GHz '24MB Cache, up to 4.9 GHz, 10 cores, 16 Threads'","Intel® Core™ i7-13620H Processor 2.4 GHz '24MB Cache, up to 4.9 GHz, 10 cores, 16 Threads'",512GB M.2 NVMe™ PCIe® 3.0 SSD,512GB M.2 NVMe™ PCIe® 3.0 SSD
ASUS VivoBook 15 X1504ZA i7-1255U|8GB|1TB|DOS,"Rs. 239,000.00",8GB DDR4 on board,"Intel®Core™ i7-1255U Processor 1.7 GHz '12M Cache, up to 4.7 GHz, 10 cores'","Intel®Core™ i7-1255U Processor 1.7 GHz '12M Cache, up to 4.7 GHz, 10 cores'",1TB M.2 NVMe™ PCIe® 3.0 SSD,1TB M.2 NVMe™ PCIe® 3.0 SSD
HP 250 G10 i3-1315U|8GB|512GB|DOS,"Rs. 148,000.00",8 GB DDR4-3200 MHz RAM '1 x 8 GB',"Intel® Core™ i3-1315U 'up to 4.5 GHz with Intel® Turbo Boost Technology, 10 MB L3 cache, 6 cores, 8 threads'","Intel® Core™ i3-1315U 'up to 4.5 GHz with Intel® Turbo Boost Technology, 10 MB L3 cache, 6 cores, 8 threads'",512 GB PCIe® NVMe™ SSD,512 GB PCIe® NVMe™ SSD
Lenovo IdeaPad Slim 3 15IRU8 i3-1305U|8GB|256GB|15.6 FHD,"Rs. 132,800.00",8GB Soldered LPDDR5-4800,"Intel® Core™ i3-1305U, 5C '1P + 4E' / 6T, P-core 1.6 / 4.5GHz, E-core 1.2 / 3.3GHz, 10MB","Intel® Core™ i3-1305U, 5C '1P + 4E' / 6T, P-core 1.6 / 4.5GHz, E-core 1.2 / 3.3GHz, 10MB",256GB SSD M.2 2242 PCIe® 4.0x4 NVMe®,256GB SSD M.2 2242 PCIe® 4.0x4 NVMe®
MSI Thin 15 B13UC i5-13420H|8GB|512GB|RTX3050|144hz,"Rs. 308,500.00","8GB DDR4-3200 2 slots, up to 64GB","Intel® Core™ i5-13420H Processor 12M Cache, up to 4.60 GHz","Intel® Core™ i5-13420H Processor 12M Cache, up to 4.60 GHz",512GB NVMe M.2 SSD by PCIe Gen4 x4,512GB NVMe M.2 SSD by PCIe Gen4 x4
Lenovo LOQ 15IRH8 i5-12450H|16GB|512GB|RTX2050|Win 11,"Rs. 299,000.00",16GB 2x 8GB SO-DIMM DDR5-4800,"Intel® Core™ i5-12450H, 8C '4P + 4E' / 12T, P-core 2.0 / 4.4GHz, E-core 1.5 / 3.3GHz, 12MB","Intel® Core™ i5-12450H, 8C '4P + 4E' / 12T, P-core 2.0 / 4.4GHz, E-core 1.5 / 3.3GHz, 12MB",512GB SSD M.2 2242 PCIe® 4.0x4 NVMe®,512GB SSD M.2 2242 PCIe® 4.0x4 NVMe®
ASUS Vivobook 15 A1504VA I5-1335U|12GB|512GB|DOS,"Rs. 226,000.00",12GB '8GB DDR4 on board + 4GB DDR4 SO-DIMM',"Intel® Core™ i5-1335U Processor 1.3 GHz '12MB Cache, up to 4.6 GHz, 10 cores, 12 Threads'","Intel® Core™ i5-1335U Processor 1.3 GHz '12MB Cache, up to 4.6 GHz, 10 cores, 12 Threads'",512GB M.2 NVMe™ PCIe® 3.0 SSD,512GB M.2 NVMe™ PCIe® 3.0 SSD
ASUS Vivobook 16 X1605VA i7-13700H|8GB|512GB|16.0 WUXGA,"Rs. 289,000.00",8GB DDR4 on board upto 16GB,"Intel® Core™ i7-13700H Processor 2.4 GHz '24MB Cache, up to 5.0 GHz, 14 cores, 20 Threads'","Intel® Core™ i7-13700H Processor 2.4 GHz '24MB Cache, up to 5.0 GHz, 14 cores, 20 Threads'",512GB M.2 NVMe™ PCIe® 3.0 SSD,512GB M.2 NVMe™ PCIe® 3.0 SSD
ASUS Vivobook 15 X1502Z I7-12700H|16GB|512GB|DOS,"Rs. 260,900.00",16GB '8GB DDR4 on board + 8GB DDR4 3200mhz',"Intel® Core™ i7-12700H Processor 2.3 GHz '24M Cache, up to 4.7 GHz, 6P+8E cores'","Intel® Core™ i7-12700H Processor 2.3 GHz '24M Cache, up to 4.7 GHz, 6P+8E cores'","15.6-inch, FHD '1920 x 1080' 16:9 aspect ratio, LED Backlit, 60Hz refresh rate, 220nits, 45% NTSC color gamut, Anti-glare display, TÜV Rheinland-certified, Non-touch screen, 'Screen-to-body ratio'82%","15.6-inch, FHD '1920 x 1080' 16:9 aspect ratio, LED Backlit, 60Hz refresh rate, 220nits, 45% NTSC color gamut, Anti-glare display, TÜV Rheinland-certified, Non-touch screen, 'Screen-to-body ratio'82%"
Lenovo LOQ 15IRH8 I7-13620H|16GB|512GB|RTX4050|Win 11,"Rs. 435,000.00",16GB 2x 8GB SO-DIMM DDR5-5200,"Intel® Core™ i7-13620H, 10C '6P + 4E' / 16T, P-core 2.4 / 4.9GHz, E-core 1.8 / 3.6GHz, 24MB","Intel® Core™ i7-13620H, 10C '6P + 4E' / 16T, P-core 2.4 / 4.9GHz, E-core 1.8 / 3.6GHz, 24MB",512GB SSD M.2 2242 PCIe® 4.0x4 NVMe®,512GB SSD M.2 2242 PCIe® 4.0x4 NVMe®
Lenovo LOQ 15APH8 7 7840HS|8GB|512GB|RTX4050|Win 11,"Rs. 363,000.00",8GB SO-DIMM DDR5-5600,"AMD Ryzen™ 7 7840HS '8C / 16T, 3.8 / 5.1GHz, 8MB L2 / 16MB L3'","AMD Ryzen™ 7 7840HS '8C / 16T, 3.8 / 5.1GHz, 8MB L2 / 16MB L3'",512GB SSD M.2 2242 PCIe® 4.0x4 NVMe®,512GB SSD M.2 2242 PCIe® 4.0x4 NVMe®
MSI Sword 15 A12UCX I5-12450H|8GB|512GB|RTX 2050,"Rs. 307,000.00",8GB DDR5-4800,"Intel Core™ i5-12450H Processor '12M Cache, up to 4.40 GHz'","Intel Core™ i5-12450H Processor '12M Cache, up to 4.40 GHz'",512GB NVMe PCIe Gen4 M.2 SSD,512GB NVMe PCIe Gen4 M.2 SSD
MSI Sword 17 A12UCX I5-12450H|8GB|512GB|RTX 2050|17.3,"Rs. 318,000.00",8GB DDR5-4800,"Intel Core™ i5-12450H Processor '12M Cache, up to 4.40 GHz'","Intel Core™ i5-12450H Processor '12M Cache, up to 4.40 GHz'",512GB NVMe PCIe Gen4 M.2 SSD,512GB NVMe PCIe Gen4 M.2 SSD
MSI Cyborg 15 A12UCX I5-12450H|16GB|512GB|RTX 2050,"Rs. 334,000.00",16GB '8X2' DDR5-4800,"Intel® Core™ i5-12450H '12M Cache, up to 4.40Hz'","Intel® Core™ i5-12450H '12M Cache, up to 4.40Hz'",512GB NVMe PCIe Gen4 M.2 SSD,512GB NVMe PCIe Gen4 M.2 SSD
Aspire A515-58P i3-1305U|8GB|512GB|WIN 11,"Rs. 168,900.00",8GB LPDDR5,13th Gen Intel® Core™ i3-1305U upto 4.50Ghz 10MB Cache,13th Gen Intel® Core™ i3-1305U upto 4.50Ghz 10MB Cache,512GB PCIe NVMe M.2 SSD,512GB PCIe NVMe M.2 SSD
ASUS Vivobook Go 15 E1504FA R5-7520U|8GB|512GB NVMe|Win 11,"Rs. 199,900.00",8GB LPDDR5 on board,"AMD Ryzen™ 5 7520U Mobile Processor 2.8GHz '4-core/8-thread, 4MB cache, up to 4.3 GHz max boost'","AMD Ryzen™ 5 7520U Mobile Processor 2.8GHz '4-core/8-thread, 4MB cache, up to 4.3 GHz max boost'",512GB M.2 NVMe™ PCIe® 3.0 SSD,512GB M.2 NVMe™ PCIe® 3.0 SSD
Dell Inspiron 5620 I7-1255U|16GB|512GB|16,"Rs. 318,900.00",16 GB '2 x 8GB' DDR4 3200MHz,"12th Gen Intel® Core™ i7-1255U '12 MB cache, 10 cores, 12 threads, up to 4.70 GHz Turbo'","12th Gen Intel® Core™ i7-1255U '12 MB cache, 10 cores, 12 threads, up to 4.70 GHz Turbo'",512GB M.2 PCIe NVMe Solid State Drive,512GB M.2 PCIe NVMe Solid State Drive
ASUS VIVOBOOK PRO 15 OLED 7 5800H|16GB|512GB|RTX3050,"Rs. 589,000.00",16GB DDR4 on board,"AMD Ryzen™ 7 5800H Mobile Processor '8-core/16-thread, 20MB cache, up to 4.4 GHz max boost'","AMD Ryzen™ 7 5800H Mobile Processor '8-core/16-thread, 20MB cache, up to 4.4 GHz max boost'",512GB M.2 NVMe™ PCIe® 3.0 SSD,512GB M.2 NVMe™ PCIe® 3.0 SSD
DELL INSPIRON 3511 I3-1115G4|12GB|256GB|WIN 10,"Rs. 148,500.00",12GB '4+8' DDR4 3200MHz,"11th Generation Intel® Core™ i3-1115G4 Processor '6MB Cache, up to 4.1 GHz'","11th Generation Intel® Core™ i3-1115G4 Processor '6MB Cache, up to 4.1 GHz'",256GB M.2 PCIe NVMe Solid State Drive,256GB M.2 PCIe NVMe Solid State Drive
Lenovo IdeaPad Slim 3 R5 7520U|16GB|512GB|Win 11,"Rs. 209,000.00",16GB Soldered LPDDR5-5500,"AMD Ryzen™ 5 7520U '4C / 8T, 2.8 / 4.3GHz, 2MB L2 / 4MB L3'","AMD Ryzen™ 5 7520U '4C / 8T, 2.8 / 4.3GHz, 2MB L2 / 4MB L3'",512GB SSD M.2 2242 PCIe® 4.0x4 NVMe®,512GB SSD M.2 2242 PCIe® 4.0x4 NVMe®
Lenovo IdeaPad 3 15ITL6 I7-1165G7 |8GB|512GB|Iris® Xe|15.6,"Rs. 199,000.00",8GB Soldered DDR4-3200,"Intel® Core™ i7-1165G7 '4C / 8T, 2.8 / 4.7GHz, 12MB'","Intel® Core™ i7-1165G7 '4C / 8T, 2.8 / 4.7GHz, 12MB'",512GB SSD M.2 2280 PCIe® 3.0x4 NVMe®,512GB SSD M.2 2280 PCIe® 3.0x4 NVMe®
HP 15s-fq5486TU Core i3-1215U|4GB|256GB|Win 11,"Rs. 160,000.00",4 GB DDR4-3200 SDRAM,"Intel Core i3-1215U Processor '10M Cache, 3.30 GHz, up to 4.40 GHz'","Intel Core i3-1215U Processor '10M Cache, 3.30 GHz, up to 4.40 GHz'",256GB PCIe NVMe M.2 SSD,256GB PCIe NVMe M.2 SSD
ASUS VIVOBOOK 15 X1502ZA i7-1260P|8GB|512GB|Win 11,"Rs. 329,000.00",8GB DDR4 on board,"Intel® Core™ i7-1260P Processor 2.1 GHz '18M Cache, up to 4.7 GHz, 4P+8E cores'","Intel® Core™ i7-1260P Processor 2.1 GHz '18M Cache, up to 4.7 GHz, 4P+8E cores'",512GB M.2 NVMe™ PCIe® 3.0 SSD,512GB M.2 NVMe™ PCIe® 3.0 SSD
Lenovo IdeaPad 5 15ITL05 i5-1135G7|16GB|512GB|MX450,"Rs. 258,000.00",16GB Soldered DDR4-3200,"Intel® Core™ i5-1135G7 '4C / 8T, 2.4 / 4.2GHz, 8MB'","Intel® Core™ i5-1135G7 '4C / 8T, 2.4 / 4.2GHz, 8MB'",512GB SSD M.2 2280 PCIe® 3.0x4 NVMe®,512GB SSD M.2 2280 PCIe® 3.0x4 NVMe®
Dell Vostro 3520 i5-1235U|8GB|512GB|DOS,"Rs. 269,900.00",8GB 8Gx1 DDR4 2666MHz,"12th Gen Intel® Core™ i5-1235U '12 MB cache, 10 cores, 12 threads, up to 4.40 GHz Turbo'","12th Gen Intel® Core™ i5-1235U '12 MB cache, 10 cores, 12 threads, up to 4.40 GHz Turbo'",512 GB M.2 PCIe NVMe SSD,512 GB M.2 PCIe NVMe SSD
DELL G15 Gaming G15 RYZEN 5 6600H|8GB|512GB|RTX3050,"Rs. 438,900.00",8GB 1x8GB DDR4 3200MHz,AMD Ryzen™ 5 6600H '19 MB total cache 6 cores 12 threads up to 4.50 GHz Max Boost Clock',AMD Ryzen™ 5 6600H '19 MB total cache 6 cores 12 threads up to 4.50 GHz Max Boost Clock',512GB M.2 PCIe NVMe Solid State Drive,512GB M.2 PCIe NVMe Solid State Drive
Dell Inspiron 5620 i5-1235U|8GB|256GB|16,"Rs. 285,000.00",8 GB '1 x 8GB' DDR4 3200MHz,"12th Gen Intel® Core™ i5-1235U '12 MB cache, 10 cores, 12 threads, up to 4.40 GHz Turbo'","12th Gen Intel® Core™ i5-1235U '12 MB cache, 10 cores, 12 threads, up to 4.40 GHz Turbo'",256GB M.2 PCIe NVMe Solid State Drive,256GB M.2 PCIe NVMe Solid State Drive
DELL Inspiron 14-5420 i7-1255U|8GB|512GB NVME|WIN11,"Rs. 387,000.00",8GB DDR4 3200MHz,"12th Gen Intel® Core™ i7-1255U '12 MB cache, 10 cores, 12 threads, up to 4.70 GHz Turbo'","12th Gen Intel® Core™ i7-1255U '12 MB cache, 10 cores, 12 threads, up to 4.70 GHz Turbo'",512GB M.2 PCIe NVMe Solid State Drive,512GB M.2 PCIe NVMe Solid State Drive
DELL Inspiron 14-5420 i5-1235U|8GB|512GB NVME|WIN11,"Rs. 349,000.00",8GB DDR4 3200MHz,"12th Generation Intel® Core™ i5-1235U '12MB Cache, up to 4.4 GHz'","12th Generation Intel® Core™ i5-1235U '12MB Cache, up to 4.4 GHz'",512GB M.2 PCIe NVMe Solid State Drive,512GB M.2 PCIe NVMe Solid State Drive
MSI BRAVO 15 B5ED AMD RYZEN 7 5800H|16GB|512GB|RX6500M 4GB|15.6 FHD IPS 144HZ,"Rs. 340,000.00",16GB DDR4 3200Mhz Max 64GB Max Capacity,AMD Ryzen™ 7 5800H-Processors Cores 8 Threads 16 Up to 4.4GHz,AMD Ryzen™ 7 5800H-Processors Cores 8 Threads 16 Up to 4.4GHz,512GB NVME M.2 SSD,512GB NVME M.2 SSD
ASUS VIVOBOOK 15 X1502ZA i5-1240P|8GB|512GB|WIN 11,"Rs. 299,000.00",8GB DDR4 on board,"Intel® Core™ i5-1240P Processor 1.7 GHz '12M Cache, up to 4.4 GHz, 4P+8E cores'","Intel® Core™ i5-1240P Processor 1.7 GHz '12M Cache, up to 4.4 GHz, 4P+8E cores'",512GB M.2 NVMe™ PCIe® 3.0 SSD,512GB M.2 NVMe™ PCIe® 3.0 SSD
MSI Modern 15 - B12M i7-1255U|16GB|512GB|15.6 IPS,"Rs. 285,000.00",16GB DDR4-3200 onboard,"Intel® Core™ i7-1255U Alder Lake '12M Cache, up to 4.70GHz'","Intel® Core™ i7-1255U Alder Lake '12M Cache, up to 4.70GHz'",512GB M.2 SSD NVMe PCIe Gen3,512GB M.2 SSD NVMe PCIe Gen3
Lenovo IdeaPad Flex 5 Ryzen 5 5500U|8GB|512GB|14 IPS Touch,"Rs. 325,000.00",8GB Soldered DDR4-3200,"AMD Ryzen 5 5500U '6C / 12T, 2.1 / 4.0GHz, 3MB L2 / 8MB L3'","AMD Ryzen 5 5500U '6C / 12T, 2.1 / 4.0GHz, 3MB L2 / 8MB L3'",512GB SSD M.2 2242 PCIe 3.0x4 NVMe,512GB SSD M.2 2242 PCIe 3.0x4 NVMe
DELL INSPIRON 3520 12th Gen i5-1235U|8GB|512GB|WIN 11,"Rs. 305,000.00",8GB '1X8GB'DDR4 3200MHz,"12th Gen Intel Core i5-1235U '12 MB cache, 10 cores, 12 threads, up to 4.40 GHz Turbo'","12th Gen Intel Core i5-1235U '12 MB cache, 10 cores, 12 threads, up to 4.40 GHz Turbo'",512 GB M.2 PCIe NVMe SSD,512 GB M.2 PCIe NVMe SSD
Lenovo IdeaPad Gaming 3 AMD Ryzen 7 5800H|16GB|256GB+1TB|GTX1650,"Rs. 320,000.00",1x 16GB SO-DIMM DDR4-3200,"AMD Ryzen 7 5800H '8C / 16T, 3.2 / 4.4GHz, 4MB L2 / 16MB L3'","AMD Ryzen 7 5800H '8C / 16T, 3.2 / 4.4GHz, 4MB L2 / 16MB L3'","256GB SSD M.2 2242 PCIe 3.0x4 NVMe + 1TB HDD 5400rpm 2.5""","256GB SSD M.2 2242 PCIe 3.0x4 NVMe + 1TB HDD 5400rpm 2.5"""
ASUS EXPERTBOOK B1 B1500 I3-1115G4|4GB|256GB+1TB|DOS,"Rs. 179,800.00",4GB DDR4 on board,"Intel® Core™ i3-1115G4 Processor 3.0 GHz '6M Cache, up to 4.1 GHz, 2 cores'","Intel® Core™ i3-1115G4 Processor 3.0 GHz '6M Cache, up to 4.1 GHz, 2 cores'","1TB SATA 5400RPM 2.5"" HDD + 256GB M.2 NVMe™ PCIe® 3.0 SSD","1TB SATA 5400RPM 2.5"" HDD + 256GB M.2 NVMe™ PCIe® 3.0 SSD"
HP 15s-fq5886TU i5-1235U|8GB|512GB SSD|Iris X|WIN 11|15.6 fHD,"Rs. 298,900.00",8 GB DDR4-3200 MHz RAM '2 x 4 GB',"Intel® Core i5-1235U 'up to 4.4 GHz with Intel® Turbo Boost Technology, 12 MB L3 cache, 10 cores, 12 threads'","Intel® Core i5-1235U 'up to 4.4 GHz with Intel® Turbo Boost Technology, 12 MB L3 cache, 10 cores, 12 threads'",512 GB PCIe® NVMe™ M.2 SSD,512 GB PCIe® NVMe™ M.2 SSD
Acer Aspire A315|i3-1215U|4GB|1TB|WIN 11,"Rs. 149,900.00",4 GB DDR4 SDRAM,12th Gen i3-1215U Hexa-core '6 Core™'1.20 GHz upto 4.40 GHz 10 MB Cache,12th Gen i3-1215U Hexa-core '6 Core™'1.20 GHz upto 4.40 GHz 10 MB Cache,1TB  HDD 6.3 cm  '2.5-inch' 5400 RPM,1TB  HDD 6.3 cm  '2.5-inch' 5400 RPM
ASUS TUF GAMING F15 FX506LH i7-10870H|8GB|512GB|GTX1650Ti,"Rs. 465,000.00",8GB DDR4 SO-DIMM Max Capacity:32GB,"Intel® Core™ i7-10870H Processor 2.2 GHz '16M Cache, up to 5.0 GHz, 8 cores'","Intel® Core™ i7-10870H Processor 2.2 GHz '16M Cache, up to 5.0 GHz, 8 cores'",512GB PCIe® 3.0 NVMe™ M.2 SSD,512GB PCIe® 3.0 NVMe™ M.2 SSD
Asus Vivobook Pro 14X OLED i5-11300H|16GB|512GB|RTX 3050,"Rs. 565,800.00",16GB DDR4 on board,"Intel® Core™ i5-11300H Processor 3.1 GHz '8M Cache, up to 4.4 GHz, 4 cores'","Intel® Core™ i5-11300H Processor 3.1 GHz '8M Cache, up to 4.4 GHz, 4 cores'",512GB M.2 NVMe™ PCIe® 3.0 SSD,512GB M.2 NVMe™ PCIe® 3.0 SSD
ASUS TUF Gaming A15 - R5-4600H|8GB|512 NVMe|GTX1650|15.6 144HZ,"Rs. 320,000.00",8GB DDR4-3200 SO-DIMM Max Capacity : 32GB,"AMD Ryzen™ 5 4600H Mobile Processor '6-core/12-thread, 11MB Cache, 4.0 GHz max boost'","AMD Ryzen™ 5 4600H Mobile Processor '6-core/12-thread, 11MB Cache, 4.0 GHz max boost'",512GB M.2 NVMe™ PCIe® 3.0 SSD,512GB M.2 NVMe™ PCIe® 3.0 SSD
Lenovo IdeaPad 3 15ITL6 i7-1165G7 |16GB|512GB|Iris® Xe|15.6,"Rs. 239,000.00",16GB '8GB Soldered DDR4-3200 + Free 8GB DDR4-3200',"Intel® Core™ i7-1165G7 '4C / 8T, 2.8 / 4.7GHz, 12MB'","Intel® Core™ i7-1165G7 '4C / 8T, 2.8 / 4.7GHz, 12MB'",512GB SSD M.2 2280 PCIe® 3.0x4 NVMe®,512GB SSD M.2 2280 PCIe® 3.0x4 NVMe®
ASUS ExpertBook L1500 Ryzen 3 3250U|4GB|256GB|AMD Radeon Graphics,"Rs. 169,000.00","4G DDR4 on board,Memory Max Up to:32GB","AMD Ryzen 3 3250U Processor 2.6 GHz '4M Cache, up to 3.5 GHz, 2 cores'","AMD Ryzen 3 3250U Processor 2.6 GHz '4M Cache, up to 3.5 GHz, 2 cores'",256GB M.2 NVMe™ PCIe® 3.0 SSD,256GB M.2 NVMe™ PCIe® 3.0 SSD
DELL VOSTRO 3530 i7- 1355U|8GB|512GB|MX550,"Rs. 315,000.00",8GB 1x8GB DDR4 3200MHz,"13th Generation Intel Core i7- 1355U '12 MB cache, 10 cores, 12 threads, up to 5.00 GHz'","13th Generation Intel Core i7- 1355U '12 MB cache, 10 cores, 12 threads, up to 5.00 GHz'",512GB M.2 PCIe NVMe Solid State Drive,512GB M.2 PCIe NVMe Solid State Drive
Asus ExpertBook B1 B1502CBA i7-1255U|8GB|512GB|DOS,"Rs. 255,000.00",16GB DDR4 on board '8X2' Memory Max Up to:40GB,"Intel® Core™ i7-1255U Processor 1.7 GHz '12M Cache, up to 4.7 GHz, 10 cores'","Intel® Core™ i7-1255U Processor 1.7 GHz '12M Cache, up to 4.7 GHz, 10 cores'",512GB M.2 2280 NVMe™ PCIe® 4.0 SSD,512GB M.2 2280 NVMe™ PCIe® 4.0 SSD
ASUS Vivobook 15 X1504VA i3-1315U|8GB|256GB|Win 11,"Rs. 165,000.00",8GB DDR4 on board upto 16GB,"Intel® Core™ i3-1315U Processor 1.2 GHz '10MB Cache, up to 4.5 GHz, 6 cores, 8 Threads'","Intel® Core™ i3-1315U Processor 1.2 GHz '10MB Cache, up to 4.5 GHz, 6 cores, 8 Threads'",256GB M.2 NVMe™ PCIe® 4.0 SSD,256GB M.2 NVMe™ PCIe® 4.0 SSD
DELL INSPIRON 3530 13th Gen i3-1305U|8GB|512GB|WIN 11,"Rs. 167,000.00",8GB '1X8GB'DDR4 3200MHz,"13th Generation Intel'R' Core' TM' i3-1305U Processor '10MB C ache, up to 4.50 GHz'","13th Generation Intel'R' Core' TM' i3-1305U Processor '10MB C ache, up to 4.50 GHz'",512GB M.2 PCIe NVMe Solid State Drive,512GB M.2 PCIe NVMe Solid State Drive
Lenovo IdeaPad 1 15AMN7 Ryzen™ 3 7320U|8GB|512GB|WIN 11,"Rs. 144,900.00",8GB Soldered LPDDR5-5500,"AMD Ryzen™ 3 7320U '4C / 8T, 2.4 / 4.1GHz, 2MB L2 / 4MB L3'","AMD Ryzen™ 3 7320U '4C / 8T, 2.4 / 4.1GHz, 2MB L2 / 4MB L3'",512GB SSD M.2 2242 PCIe® 4.0x4 NVMe®,512GB SSD M.2 2242 PCIe® 4.0x4 NVMe®
MSI Thin GF63 12UCX i5-12450H|16GB|512GB|RTX2050|144hz,"Rs. 299,000.00","16GB DDR4-3200 2 slots, up to 64GB",12th Gen Intel® CoreTM i5-12450H Processor,12th Gen Intel® CoreTM i5-12450H Processor,512GB NVMe M.2 SSD by PCIe Gen4 x4,512GB NVMe M.2 SSD by PCIe Gen4 x4
Dell Vostro 3420 i5- 1135G7|8GB|256GB NVMe|Ubuntu,"Rs. 168,000.00",8GB 8GBx1 DDR4 2666MHz,"11th Generation Intel Core i5- 1135G7 Processor '8MB Cache, up to 4.2 GHz'","11th Generation Intel Core i5- 1135G7 Processor '8MB Cache, up to 4.2 GHz'",256GB M.2 PCIe NVMe Solid State Drive,256GB M.2 PCIe NVMe Solid State Drive
MSI Modern 15 - B13M i7-1355U|16GB|512GB|Win 11,"Rs. 299,000.00",16GB DDR4-3200 onboard,"Intel® Core™ i7-1355U '12M Cache, up to 5.00GHz'","Intel® Core™ i7-1355U '12M Cache, up to 5.00GHz'",512GB M.2 SSD NVMe PCIe Gen3,512GB M.2 SSD NVMe PCIe Gen3
ASUS Expertbook B1502CBA i3-1215U|8GB|512GB|Win 11,"Rs. 169,000.00","8GB DDR4 on board, 48GB, Memory Max Up to:40GB","Intel® Core™ i3-1215U Processor 1.2 GHz '10M Cache, up to 4.4 GHz, 6 cores'","Intel® Core™ i3-1215U Processor 1.2 GHz '10M Cache, up to 4.4 GHz, 6 cores'",512GB M.2 2280 NVMe™ PCIe® 4.0 SSD,512GB M.2 2280 NVMe™ PCIe® 4.0 SSD
DELL INSPIRON 3530 13th Gen i5-1335U|8GB|512GB|WIN 11,"Rs. 242,000.00",8GB '1X8GB'DDR4 3200MHz,"13th Generation Intel® Core™ i5-1335U Processor '12MB Cache, up to 4.60 GHz'","13th Generation Intel® Core™ i5-1335U Processor '12MB Cache, up to 4.60 GHz'",512GB M.2 PCIe NVMe Solid State Drive,512GB M.2 PCIe NVMe Solid State Drive
ASUS TUF GAMING F17 FX706HC I5-11400H|8GB|512GB|RTX3050,"Rs. 398,000.00",8GB DDR4-3200 SO-DIMM,"Intel® Core™ i5-11400H Processor 2.7 GHz '12M Cache, up to 4.5 GHz, 6 Cores'","Intel® Core™ i5-11400H Processor 2.7 GHz '12M Cache, up to 4.5 GHz, 6 Cores'",512GB M.2 NVMe™ PCIe® 3.0 SSD,512GB M.2 NVMe™ PCIe® 3.0 SSD
MSI Sword 15 A12UDX i5-12450H|16GB|512GB|RTX 3050 6GB,"Rs. 395,000.00",16GB '8X2' DDR5-4800,"Intel Core™ i5-12450H Processor '12M Cache, up to 4.40 GHz'","Intel Core™ i5-12450H Processor '12M Cache, up to 4.40 GHz'",512GB NVMe PCIe Gen4 M.2 SSD,512GB NVMe PCIe Gen4 M.2 SSD
DELL INSPIRON 3530 13th Gen i7-1355U|8GB|512GB|WIN 11,"Rs. 286,000.00",8GB '1X8GB'DDR4 3200MHz,"13th Generation Intel® Core™ i7-1355U Processor '12MB Cache, up to 5.00 GHz'","13th Generation Intel® Core™ i7-1355U Processor '12MB Cache, up to 5.00 GHz'",512GB M.2 PCIe NVMe Solid State Drive,512GB M.2 PCIe NVMe Solid State Drive
HP Laptop 15-dw4001ne i5-1235U|8GB|512GB|MX550|DOS,"Rs. 209,000.00",8 GB DDR4-3200 MHz RAM '1 x 8 GB',"Intel® Core™ i5-1235U Processor '1.30 GHz base frequency, up to 4.40 GHz with Intel® Turbo Boost Technology, 12 MB cache, 10 cores'","Intel® Core™ i5-1235U Processor '1.30 GHz base frequency, up to 4.40 GHz with Intel® Turbo Boost Technology, 12 MB cache, 10 cores'",512 GB PCIe® NVMe™ M.2 SSD,512 GB PCIe® NVMe™ M.2 SSD
MSI Modern 15 - B13M i5-1335U|16GB|512GB|Win 11,"Rs. 249,900.00",16GB DDR4-3200 onboard,"Intel® Core™ i5-1335U '12M Cache, up to 4.60GHz'","Intel® Core™ i5-1335U '12M Cache, up to 4.60GHz'",512GB M.2 SSD NVMe PCIe Gen3,512GB M.2 SSD NVMe PCIe Gen3
ROG STRIX G15 R7-6800H|16GB|512GB NVMe|RTX 3050,"Rs. 399,000.00",16GB '8x2' DDR5-4800 SO-DIMM,"AMD Ryzen™ 7 6800H Mobile Processor '8-core/16-thread, 20MB cache, up to 4.7 GHz max boost'","AMD Ryzen™ 7 6800H Mobile Processor '8-core/16-thread, 20MB cache, up to 4.7 GHz max boost'",512GB M.2 NVMe™ PCIe® 4.0 SSD,512GB M.2 NVMe™ PCIe® 4.0 SSD
ASUS TUF Gaming F15 FX506HF I5-11400H|16GB|512GB|RTX 2050,"Rs. 278,500.00",16GB '8x2'DDR4-3200 SO-DIMM Max Capacity:32GB,"Intel® Core™ i5-11400H Processor 2.7 GHz '12M Cache, up to 4.5 GHz, 6 Cores'","Intel® Core™ i5-11400H Processor 2.7 GHz '12M Cache, up to 4.5 GHz, 6 Cores'",512GB PCIe® 3.0 NVMe™ M.2 SSD,512GB PCIe® 3.0 NVMe™ M.2 SSD
HP Laptop 15-fd0336nia i3-1315U|4GB|256GB|DOS,"Rs. 148,000.00",4 GB DDR4-3200 MHz RAM '1 x 4 GB',"Intel® Core™ i3-1315U 'up to 4.5 GHz with Intel® Turbo Boost Technology, 10 MB L3 cache, 6 cores, 8 threads'","Intel® Core™ i3-1315U 'up to 4.5 GHz with Intel® Turbo Boost Technology, 10 MB L3 cache, 6 cores, 8 threads'",256 GB PCIe® NVMe™ M.2 SSD,256 GB PCIe® NVMe™ M.2 SSD
MacBook Pro 13 M2 2022 8-CORE CPU 10-CORE GPU|8GB|256GB|13.3-INCH RETINA,"Rs. 415,000.00","Media engine

Hardware-accelerated H.264, HEVC, ProRes and ProRes RAW
Video decode engine 
Video encode engine 
ProRes encode and decode engine","Apple M2 chip

8-core CPU with 4 performance cores and 4 efficiency cores 
10-core GPU 
16-core Neural Engine
100GB/s memory bandwidth","Apple M2 chip

8-core CPU with 4 performance cores and 4 efficiency cores 
10-core GPU 
16-core Neural Engine
100GB/s memory bandwidth",8GB unified memory,8GB unified memory
MACBOOK Air 13.6 M2 2022 8-CORE CPU 8-CORE GPU|8GB|256GB|13.3-INCH RETINA,"Rs. 365,000.00",8GB unified memory,"Apple M2 chip

8-core CPU with 4 performance cores and 4 efficiency cores
8-core GPU
16-core Neural Engine
100GB/s memory bandwidth



Media engine

Hardware-accelerated H.264, HEVC, ProRes, and ProRes RAW
Video decode engine
Video encode engine
ProRes encode and decode engine



Configurable to:
M2 with 8-core CPU and 10-core GPU","Apple M2 chip

8-core CPU with 4 performance cores and 4 efficiency cores
8-core GPU
16-core Neural Engine
100GB/s memory bandwidth



Media engine

Hardware-accelerated H.264, HEVC, ProRes, and ProRes RAW
Video decode engine
Video encode engine
ProRes encode and decode engine



Configurable to:
M2 with 8-core CPU and 10-core GPU",256GB SSD,256GB SSD
MACBOOK Air M2 '15.3' 8GB|256GB|15.3-Inch IPS,"Rs. 399,900.00",8GB unified memory,"Apple M2 chip

8-core CPU with 4 performance cores and 4 efficiency cores
8-core GPU
16-core Neural Engine
100GB/s memory bandwidth



Media engine

Hardware-accelerated H.264, HEVC, ProRes, and ProRes RAW
Video decode engine
Video encode engine
ProRes encode and decode engine



Configurable to:
M2 with 8-core CPU and 10-core GPU","Apple M2 chip

8-core CPU with 4 performance cores and 4 efficiency cores
8-core GPU
16-core Neural Engine
100GB/s memory bandwidth



Media engine

Hardware-accelerated H.264, HEVC, ProRes, and ProRes RAW
Video decode engine
Video encode engine
ProRes encode and decode engine



Configurable to:
M2 with 8-core CPU and 10-core GPU",256GB SSD,256GB SSD
ASUS ROG Flow X16 GV601 R7-6800HS|16GB|1TB|RTX3060,"Rs. 468,000.00","16GB '8GB DDR5-4800 SO-DIMM x 2,  Max Capacity:64GB, Support dual channel memory","AMD Ryzen™ 7 6800HS Mobile Processor '8-core/16-thread, 20MB cache, up to 4.7 GHz max boost'","AMD Ryzen™ 7 6800HS Mobile Processor '8-core/16-thread, 20MB cache, up to 4.7 GHz max boost'",1TB PCIe® 4.0 NVMe™ M.2 Performance SSD,1TB PCIe® 4.0 NVMe™ M.2 Performance SSD
ROG STRIX G15 R7-6800H|16GB|1TB NVMe|RTX 3060,"Rs. 405,000.00","16GB '8GB DDR5-4800 SO-DIMM x 2', Max Capacity:32GB, Support dual channel memory","AMD Ryzen™ 7 6800H Mobile Processor '8-core/16-thread, 20MB cache, up to 4.7 GHz max boost'","AMD Ryzen™ 7 6800H Mobile Processor '8-core/16-thread, 20MB cache, up to 4.7 GHz max boost'",1TB PCIe® 4.0 NVMe™ M.2 SSD,1TB PCIe® 4.0 NVMe™ M.2 SSD
ASUS Vivobook 16 X1605ZA i5-1235U|16GB|512GB|dOS,"Rs. 218,500.00",16GB '8GB DDR4 on board + 8GB DDR4 SO-DIMM',"Intel®Core™ i5-1235U Processor 1.3 GHz '12M Cache, up to 4.4 GHz, 10 cores'","Intel®Core™ i5-1235U Processor 1.3 GHz '12M Cache, up to 4.4 GHz, 10 cores'",512GB M.2 NVMe™ PCIe® 3.0 SSD,512GB M.2 NVMe™ PCIe® 3.0 SSD
ASUS ROG Zephyrus M16 i9-12900H|16GB|512GB NVMe|RTX 3060|16-inch QHD+,"Rs. 499,900.00","16GB '8GB DDR5 on board + 8GB DDR5-4800 SO-DIMM' Max Capacity:40GB, Support dual channel memory","12th Gen Intel® Core™ i9-12900H Processor 2.5 GHz '24M Cache, up to 5.0 GHz, 14 cores: 6 P-cores and 8 E-cores'","12th Gen Intel® Core™ i9-12900H Processor 2.5 GHz '24M Cache, up to 5.0 GHz, 14 cores: 6 P-cores and 8 E-cores'",512GB PCIe® 4.0 NVMe™ M.2 Performance SSD,512GB PCIe® 4.0 NVMe™ M.2 Performance SSD
MACBOOK PRO 13 M2 2022 8-CORE CPU 10-CORE GPU|8GB|512GB|13.3-INCH RETINA,"Rs. 489,000.00","Media engine

Hardware-accelerated H.264, HEVC, ProRes and ProRes RAW
Video decode engine 
Video encode engine 
ProRes encode and decode engine","Apple M2 chip

8-core CPU with 4 performance cores and 4 efficiency cores 
10-core GPU 
16-core Neural Engine
100GB/s memory bandwidth","Apple M2 chip

8-core CPU with 4 performance cores and 4 efficiency cores 
10-core GPU 
16-core Neural Engine
100GB/s memory bandwidth",8GB unified memory,8GB unified memory
DELL INSPIRON 3520 12th Gen I5-1235U|8GB|512GB|MX550|WIN 11,"Rs. 359,500.00",8GB '1X8GB'DDR4 3200MHz,"12th Gen Intel Core i5-1235U '12 MB cache, 10 cores, 12 threads, up to 4.40 GHz Turbo'","12th Gen Intel Core i5-1235U '12 MB cache, 10 cores, 12 threads, up to 4.40 GHz Turbo'",512 GB M.2 PCIe NVMe SSD,512 GB M.2 PCIe NVMe SSD
ASUS ProArt Studiobook 16 OLED i7-12700H|32GB|1TB SSD|16” 4K OLED|RTX 3060,"Rs. 865,000.00",32GB DDR5 SO-DIMM,"Intel® Core™ i7-12700H Processor 2.3 GHz '24M Cache, up to 4.7 GHz, 6P+8E cores'","Intel® Core™ i7-12700H Processor 2.3 GHz '24M Cache, up to 4.7 GHz, 6P+8E cores'",1TB M.2 NVMe™ PCIe® 4.0 Performance SSD,1TB M.2 NVMe™ PCIe® 4.0 Performance SSD
Asus Vivobook Pro 14X OLED i7-11370H|16GB|512GB|RTX 3050,"Rs. 679,900.00",16GB DDR4 on board,"Intel® Core™ i7-11370H Processor 3.3 GHz '12M Cache, up to 4.8 GHz, 4 cores'","Intel® Core™ i7-11370H Processor 3.3 GHz '12M Cache, up to 4.8 GHz, 4 cores'",512GB M.2 NVMe™ PCIe® 3.0 SSD,512GB M.2 NVMe™ PCIe® 3.0 SSD
